customer_id,product,unit_price,quantity_sold,order_date,total_order_value
550E0622,Milk,59.3,13,22-10-2023,770.9
26E05F21,Laptop,78708.05,1,31-12-2023,78708.05
03B19D4F,Milk,68.19,14,06-09-2024,954.66
F21D9C85,Bananas,47.26,3,03-06-2025,141.78
54D02251,Eggs,66.25,8,08-11-2023,530
6CCF7C30,Laptop,80774.37,9,14-11-2023,726969.33
125C824E,Jeans,2154.03,1,11-01-2024,2154.03
77636A7A,Milk,55.47,14,10-11-2024,776.58
4F38035E,Eggs,74.54,6,22-12-2023,447.24
5A485AC6,Monitor,14294.7,7,03-02-2024,100062.9
9BC7DF16,Keyboard,953.34,15,04-05-2023,14300.1
094476D6,Keyboard,1748.46,3,12-08-2024,5245.38
3905484E,Bananas,56.92,12,26-01-2024,683.04
E675BEEE,Shoes,7986.51,15,01-02-2023,119797.65
03D90684,Smartphone,15033.37,13,04-04-2023,195433.81
358E2B43,Bread,33.87,11,23-12-2024,372.57
F8EB16DD,Mouse,1559.83,11,15-05-2023,17158.13
42CAB3A9,Smartphone,30061.3,1,11-03-2023,30061.3
1437C4E1,Watch,19594.73,8,19-01-2024,156757.84
A1875A3B,Smartphone,46451.32,12,25-05-2023,557415.84
598DD35F,Smartphone,35703.28,7,31-05-2024,249922.96
94D45071,Milk,57.84,6,20-01-2023,347.04
338B20A5,Shoes,4033.78,15,08-06-2025,60506.7
7DEE390B,Watch,10145.58,14,11-07-2024,142038.12
7E75FA73,Monitor,22060.81,15,31-07-2024,330912.15
383B904A,Jeans,3790.76,9,09-12-2023,34116.84
336D947B,T-shirt,807.41,15,04-08-2023,12111.15
64560BE5,Bananas,55.25,2,03-11-2024,110.5
9689427D,Keyboard,2190.4,10,30-05-2023,21904
581C8BBF,Jeans,3132.42,7,28-11-2023,21926.94
477D5083,Keyboard,2043.83,11,06-04-2024,22482.13
A11FF0CA,Milk,57.48,4,02-01-2024,229.92
9B5BA862,Laptop,60825.86,13,07-08-2023,790736.18
B2E03983,Milk,68.67,4,28-11-2024,274.68
DF4FE271,Eggs,78.46,2,05-06-2024,156.92
92EF801A,Watch,16226.15,3,29-09-2024,48678.45
E2A3303D,Jeans,3582.1,5,04-05-2024,17910.5
1FC67659,Watch,8648.85,9,01-11-2024,77839.65
25F67BFB,Laptop,79796.83,12,02-02-2024,957561.96
5093FA86,Keyboard,1266.02,5,06-05-2024,6330.1
21F671DA,Laptop,58416,9,22-11-2024,525744
72F262BC,Milk,65.07,1,03-06-2025,65.07
E3186DF3,Shoes,3568.75,7,19-12-2023,24981.25
AF8CD8C4,T-shirt,538.16,11,30-07-2024,5919.76
7B472532,Shoes,4531.99,15,29-08-2023,67979.85
648EAB33,T-shirt,532.46,10,08-11-2024,5324.6
D810B948,Apples,169.53,14,19-11-2023,2373.42
D07B245C,Jeans,2537.34,2,13-01-2025,5074.68
8D6983E1,Watch,3691.82,6,25-03-2025,22150.92
AF6F6974,Bread,43.75,8,24-01-2024,350
B1C7E14B,Keyboard,880.13,12,02-10-2023,10561.56
1429B6E7,Laptop,70312.59,10,19-03-2023,703125.9
3104EF2A,Bread,32.98,10,19-08-2024,329.8
8AEA7551,Watch,7459.99,1,13-06-2024,7459.99
6.81E+04,Mouse,1670.97,14,15-03-2025,23393.58
E8D7F77F,Jeans,1991.9,1,02-06-2023,1991.9
BBCA0807,T-shirt,1144.5,8,23-06-2024,9156
5A1C23B2,Watch,9263.6,7,27-04-2023,64845.2
8B339AC2,Laptop,83415.62,9,17-04-2023,750740.58
4717FEF7,Laptop,63791.51,8,23-01-2024,510332.08
E8405702,Watch,11889.63,1,07-11-2023,11889.63
3F57308E,Shoes,7855.59,8,18-04-2025,62844.72
EA63B365,Shoes,4230.53,13,06-08-2023,54996.89
D434A76B,Monitor,9799.39,2,22-08-2024,19598.78
0DBD83C2,Mouse,1697.2,2,15-02-2024,3394.4
01C5CC3D,Keyboard,2678.99,6,16-11-2023,16073.94
77DA636D,Watch,9715.59,13,07-07-2025,126302.67
66C9C421,Headphones,4081.22,9,19-01-2023,36730.98
FB2386E6,Apples,193.76,1,30-03-2023,193.76
C154FEC6,Eggs,72.25,14,27-09-2024,1011.5
CB24B85C,T-shirt,708.78,13,17-11-2024,9214.14
7132E5D3,Smartphone,55431.86,15,03-10-2024,831477.9
A2452FEA,Laptop,75740.13,10,27-11-2024,757401.3
C66841F6,Shoes,4981.65,5,05-01-2023,24908.25
F4820625,Watch,8934.26,3,02-12-2023,26802.78
19AD09C6,Jeans,1422.75,8,16-09-2024,11382
09DC7F46,Bananas,42.45,9,31-10-2024,382.05
7F7E03C9,Apples,154.95,4,12-02-2024,619.8
03BFBBB0,Keyboard,2359.04,6,28-02-2025,14154.24
C9ACF695,Milk,52.49,9,29-03-2024,472.41
8D167467,Jeans,1370.36,3,25-05-2025,4111.08
434140B2,Eggs,86.89,9,09-11-2023,782.01
63EB46B9,Laptop,52930.81,12,17-10-2024,635169.72
694104C4,Jeans,3302.26,1,07-11-2024,3302.26
D05E9DCD,Laptop,56765.61,1,21-02-2023,56765.61
53C58CE6,Watch,7172.94,2,13-11-2024,14345.88
82100546,Eggs,82.22,3,14-02-2025,246.66
C30878A6,T-shirt,1262.35,14,03-07-2024,17672.9
B94D00D3,Watch,7672.13,13,08-07-2023,99737.69
5E77B053,T-shirt,961.86,7,14-02-2023,6733.02
D5549111,Headphones,3596.34,8,24-03-2023,28770.72
1182ED03,Shoes,5747.54,12,26-07-2024,68970.48
3C91B2AF,Watch,3617.51,12,30-04-2025,43410.12
819491C9,Milk,53.37,11,10-12-2024,587.07
9AF5555C,Shoes,6249.79,4,26-10-2024,24999.16
6316927E,Smartphone,35994.95,4,08-12-2023,143979.8
5D338C0B,T-shirt,1478.58,10,27-05-2024,14785.8
AB91AD96,Eggs,85.3,14,19-09-2024,1194.2
9ADE550B,Watch,15010.11,15,01-12-2024,225151.65
3D8877DF,Smartphone,21561.62,10,06-02-2024,215616.2
237073D5,Laptop,54590.37,3,06-06-2024,163771.11
3.74E+55,Bread,41.43,2,15-09-2023,82.86
EC454F88,Jeans,2893.76,14,28-09-2023,40512.64
001E3915,Jeans,1602.77,10,22-08-2024,16027.7
483D1AF9,Bread,33.39,14,17-01-2023,467.46
23371483,Milk,53.39,8,12-08-2024,427.12
BB4138CD,Jeans,1246.72,7,26-05-2024,8727.04
538F868F,Apples,185.36,1,02-12-2024,185.36
BCF10640,Mouse,1144.84,15,27-07-2023,17172.6
5A238538,Shoes,3412.77,15,09-04-2024,51191.55
A71B1C73,Smartphone,45740.91,9,09-11-2023,411668.19
60845A5C,Milk,58.23,3,10-12-2024,174.69
281A0057,Milk,65.54,3,02-06-2025,196.62
E2ABBC08,Laptop,85242.03,6,26-06-2024,511452.18
DF0E1BE3,Watch,18458.98,1,24-04-2023,18458.98
0845B82D,Milk,54.82,5,27-04-2023,274.1
4BA0D42A,Milk,50.55,14,09-06-2025,707.7
3A95C918,Apples,178.25,9,27-02-2023,1604.25
86C87BF9,Monitor,21350.28,7,23-10-2023,149451.96
55DFDC66,Shoes,4688.96,14,09-04-2023,65645.44
A865A041,Jeans,2501.16,1,21-06-2025,2501.16
EDB55D79,Shoes,2305.9,2,24-09-2024,4611.8
966145CA,Apples,178.08,5,04-05-2025,890.4
1BDB8BDB,Headphones,4776.61,9,21-02-2025,42989.49
2F1E9363,Laptop,69640.78,2,21-08-2023,139281.56
0C8FD0C3,Keyboard,882.86,8,17-11-2023,7062.88
9BD6554C,Milk,50.67,15,03-03-2023,760.05
0D8EEAC8,Headphones,4319.34,10,05-04-2024,43193.4
1C0A8119,Bread,43.06,7,17-10-2024,301.42
7D14ACD6,Milk,69.38,2,22-06-2023,138.76
08043A5F,Jeans,3532.79,2,25-02-2024,7065.58
22937246,Apples,149.6,11,26-02-2024,1645.6
2DFFD49F,Jeans,3799.76,7,16-02-2025,26598.32
1524BECF,Monitor,14947.46,8,08-05-2023,119579.68
8FB86F5B,Shoes,6207.8,4,09-03-2025,24831.2
1E7CA630,Monitor,16770.16,6,01-10-2024,100620.96
FAB4E359,Monitor,17790.8,12,16-03-2023,213489.6
B18D3D53,Headphones,4348.87,9,30-05-2025,39139.83
DCC43698,Smartphone,34714.79,8,25-03-2023,277718.32
147D949C,Apples,140.57,14,06-06-2023,1967.98
C58FE0CB,Milk,53.17,11,25-08-2023,584.87
202A7BCB,Milk,65.6,5,09-08-2023,328
106537C4,Shoes,6183.97,12,12-07-2025,74207.64
AC1433F8,Watch,6197.58,8,18-05-2024,49580.64
BC136AE8,Apples,142.11,5,27-01-2024,710.55
BEA86A79,Mouse,864.48,10,18-05-2025,8644.8
D52D66A0,Milk,51.42,11,15-09-2024,565.62
4A50AD66,Bananas,55.98,3,30-04-2024,167.94
0E5EFDAB,Watch,8702.62,13,24-05-2024,113134.06
4E1E3ADE,Apples,158.69,7,18-01-2024,1110.83
F1592291,Bread,48.22,6,15-12-2023,289.32
B375F1AF,Apples,154.78,9,18-08-2023,1393.02
11B73657,Mouse,1975.54,11,09-11-2023,21730.94
D8DE78DE,Shoes,7610.63,12,06-03-2025,91327.56
30BA8A1D,Mouse,581.29,6,16-12-2023,3487.74
034E41A8,Watch,12102.39,2,15-08-2023,24204.78
87F7FD93,Smartphone,15012.03,5,14-11-2024,75060.15
F40303F8,Headphones,4798.98,11,01-01-2024,52788.78
484581CF,Jeans,2752.42,12,10-08-2023,33029.04
3354B09A,Keyboard,1315.34,14,25-11-2023,18414.76
DB15FAAF,Smartphone,53935.43,2,20-04-2025,107870.86
17E73098,Shoes,4726.78,14,01-06-2025,66174.92
149D9767,T-shirt,526.89,8,12-04-2025,4215.12
BCADA44A,Monitor,16069.68,10,29-06-2024,160696.8
AC25D4B5,Watch,9953.48,2,02-01-2024,19906.96
701E88A9,Smartphone,33015.38,2,02-09-2023,66030.76
53EB6D6B,Smartphone,48509.84,11,30-11-2024,533608.24
B79D2EC3,Mouse,1859.72,6,07-04-2025,11158.32
4E6196F8,Smartphone,56504.86,7,11-12-2023,395534.02
FDC5C238,Smartphone,29438.46,2,06-01-2023,58876.92
2C8119EF,Keyboard,1384.56,5,12-03-2025,6922.8
6D86F34D,Shoes,3925.31,12,01-06-2023,47103.72
A7BF2F30,Jeans,2330.45,15,17-05-2023,34956.75
51875BDB,Shoes,3952.01,4,09-10-2024,15808.04
BA6565E0,Milk,52.61,3,17-03-2025,157.83
A8222EDF,Jeans,1558.21,14,10-08-2023,21814.94
2A5F0701,Shoes,4337.8,11,19-05-2024,47715.8
367370CF,Eggs,87.71,9,21-11-2023,789.39
20C2D27A,Bananas,41.25,10,01-09-2023,412.5
2.53E+64,Smartphone,38960.35,5,25-12-2023,194801.75
F2273811,Jeans,2731.63,14,10-08-2023,38242.82
306849B5,Watch,7645.24,7,23-03-2025,53516.68
4A83C8CE,Bread,44.3,14,20-09-2024,620.2
D45AE1D9,Mouse,1944.74,8,30-04-2023,15557.92
3CA470BC,Watch,15747.11,5,16-06-2023,78735.55
4E5FBFFF,Monitor,21510.61,7,08-01-2023,150574.27
DA25E2E0,Monitor,19208.09,11,24-11-2024,211288.99
50B706B7,Keyboard,1840.39,7,14-06-2023,12882.73
32388F82,Keyboard,2300.19,7,04-07-2023,16101.33
63E191D5,T-shirt,1096.65,3,06-03-2023,3289.95
8F7C30CE,Smartphone,50922.18,4,15-08-2023,203688.72
6B0A086D,Mouse,1226.79,9,04-10-2023,11041.11
F14C1F77,Smartphone,28926.83,2,03-04-2023,57853.66
BE8EDEFA,T-shirt,1294.08,6,29-01-2025,7764.48
BC33974A,Shoes,5365.49,9,25-02-2023,48289.41
AEB36AE2,Bananas,55.46,4,26-01-2025,221.84
05A96D60,Laptop,74865.97,8,19-04-2024,598927.76
62EA5E22,Laptop,62904.41,7,29-12-2023,440330.87
2481659B,Shoes,2929.26,13,06-07-2023,38080.38
BFE2799F,Bread,43.2,10,30-04-2025,432
B2FDBFBA,Apples,107.1,12,17-06-2025,1285.2
F2941CB0,Bananas,43.53,12,06-09-2023,522.36
B532CA4C,Bread,36.3,9,20-06-2025,326.7
90445ECD,Mouse,904.61,7,02-06-2023,6332.27
FA831E2A,Smartphone,46374.98,4,26-03-2025,185499.92
5833013E,Monitor,15383.88,3,31-08-2023,46151.64
DC19A6AF,Headphones,2555.25,9,19-08-2024,22997.25
6C6311B4,Smartphone,16816.7,8,11-06-2024,134533.6
0398A7AF,Mouse,972.6,6,07-01-2023,5835.6
7167647A,Milk,55.6,1,14-09-2024,55.6
AB6AFF9A,Jeans,3301.49,2,04-07-2025,6602.98
0D2EF9DB,Jeans,1578.29,3,09-06-2025,4734.87
CA92500D,T-shirt,1495.46,3,08-03-2025,4486.38
A0B895F3,Smartphone,52560.02,7,28-03-2024,367920.14
DB302F1C,Milk,58.11,12,03-01-2023,697.32
11C45363,Shoes,4979.66,2,11-06-2024,9959.32
B1D4FA29,Apples,167.04,11,22-05-2025,1837.44
A9F86722,Bread,38.59,11,26-12-2024,424.49
59986096,Watch,11752.16,13,09-10-2023,152778.08
FE143F31,Laptop,61393.04,12,13-09-2023,736716.48
A636731E,Mouse,1821.32,1,17-03-2025,1821.32
F98AAABD,Mouse,1615.01,3,21-05-2024,4845.03
9BD1917C,T-shirt,1262.66,14,25-02-2024,17677.24
08501EEA,Smartphone,42419.75,9,07-07-2025,381777.75
1BC171D1,Monitor,21773.1,1,02-05-2023,21773.1
948E8990,Smartphone,50316.85,1,16-08-2024,50316.85
303CB63A,Shoes,5109.02,7,01-09-2023,35763.14
802878ED,Shoes,7779.06,14,28-08-2024,108906.84
04E4E23D,Headphones,1963.64,1,22-03-2024,1963.64
99B4E725,Monitor,13210.11,7,23-11-2024,92470.77
42CE12A2,Laptop,74847.35,2,20-10-2024,149694.7
3E1B7256,Shoes,2126.37,4,04-12-2024,8505.48
DB617FCD,Smartphone,22436.07,14,13-01-2023,314104.98
83192B26,Apples,101.09,11,04-02-2023,1111.99
B1B609EC,Monitor,23765.04,14,16-11-2024,332710.56
8708E26A,Apples,107.31,3,21-12-2023,321.93
0168BF1B,Laptop,80356.3,13,18-09-2023,1044631.9
439FF5C5,Apples,137.03,4,18-03-2025,548.12
2E95C532,Bread,30.79,2,22-03-2023,61.58
230E5E2C,T-shirt,1345.39,6,31-05-2025,8072.34
39C098E4,Laptop,73904.13,12,22-10-2023,886849.56
5B94A799,Smartphone,24023.93,14,13-01-2024,336335.02
A3BADE8A,Headphones,3579.67,1,12-10-2023,3579.67
E72895D2,Watch,3424.75,7,11-06-2025,23973.25
EA1ACC1B,Keyboard,2202.04,2,26-03-2023,4404.08
5EBA2AA0,Shoes,7176.89,1,16-03-2023,7176.89
5D085255,Watch,13257.42,4,06-01-2023,53029.68
6DEB71BE,Shoes,7961.78,7,23-06-2025,55732.46
75AA1342,Watch,3004.93,4,10-06-2025,12019.72
45687D28,Laptop,73324.33,6,08-11-2023,439945.98
3C65D66B,Monitor,22924.71,14,02-09-2024,320945.94
23B913AE,Smartphone,20090.06,1,04-06-2023,20090.06
9663EB1A,Milk,67.36,6,02-09-2024,404.16
F2AE3077,Milk,60.19,7,14-05-2023,421.33
9DCFCB05,Laptop,83668.89,7,30-05-2024,585682.23
304D9BB6,Shoes,4236.24,15,02-11-2023,63543.6
C5BB7609,T-shirt,853.51,2,07-05-2024,1707.02
409143DD,Apples,157.45,11,23-06-2024,1731.95
4F7EFFBD,Keyboard,1658.83,9,24-09-2024,14929.47
22B7B4B0,Bananas,51.37,8,13-04-2023,410.96
B649732E,Apples,109.34,8,17-09-2023,874.72
E709B902,Smartphone,21660.6,13,03-02-2023,281587.8
6AE3CFC2,T-shirt,866.62,1,20-01-2023,866.62
8ACD5B6A,Bananas,58.29,14,07-03-2025,816.06
A7452EA6,Watch,8043.94,14,17-09-2023,112615.16
84429B10,Milk,67.04,2,29-08-2023,134.08
41BC3A9B,Headphones,3312.07,8,07-08-2024,26496.56
9CF30112,Smartphone,22551.39,7,22-04-2024,157859.73
7E088EDD,Laptop,60166.97,3,28-10-2024,180500.91
EC4F2128,Milk,66.11,15,01-02-2023,991.65
BD7C153D,Eggs,80.11,11,17-02-2024,881.21
3EEE4084,Mouse,1297.12,5,06-11-2023,6485.6
20D1DD4E,Mouse,767.84,2,16-04-2024,1535.68
03D003DF,Apples,167.74,13,06-04-2023,2180.62
9A4F1594,Eggs,86.44,7,23-02-2024,605.08
7BA59046,Apples,169.52,2,24-05-2025,339.04
0514DCEA,Eggs,71.07,7,22-12-2023,497.49
A03E3741,Watch,4320.45,11,19-12-2023,47524.95
44E7A8C7,Apples,168.36,14,03-04-2023,2357.04
B8419621,Smartphone,18783.44,1,10-07-2024,18783.44
A86CF062,Laptop,52149.6,12,23-04-2024,625795.2
C5571721,Smartphone,21816.79,7,03-04-2024,152717.53
7C55E00C,T-shirt,1031.62,3,25-09-2024,3094.86
FE1D092D,Headphones,2667.17,2,01-02-2023,5334.34
74D28E65,Bananas,50.25,3,29-08-2023,150.75
FB3C5B3F,Keyboard,1673.08,7,09-01-2025,11711.56
A75BBA1A,Eggs,83.37,15,09-11-2024,1250.55
54FBA75D,Laptop,86327.2,8,14-12-2024,690617.6
D255D328,Laptop,59322.96,14,16-01-2023,830521.44
CE2A58C8,Apples,142.77,4,15-06-2023,571.08
A3BF807D,Watch,14483.05,7,01-06-2023,101381.35
A03434E6,Laptop,85659.62,9,06-07-2024,770936.58
6B960121,Keyboard,1066.59,8,29-01-2025,8532.72
5C3A6A3D,Eggs,81.32,7,26-04-2023,569.24
E1DB4007,Watch,10266.07,12,26-10-2024,123192.84
0FEDCF1E,Eggs,65.48,14,14-01-2024,916.72
6E003335,T-shirt,1211.02,13,15-04-2024,15743.26
5FF01BC5,Bread,42.08,4,05-01-2023,168.32
B45A50D5,Apples,139.31,3,20-10-2023,417.93
733D3800,Jeans,1547.86,11,22-08-2023,17026.46
199098A8,Eggs,81.59,12,01-10-2024,979.08
D560F07B,Watch,10956.83,12,04-01-2025,131481.96
1B2F17C1,Bananas,47.06,2,19-09-2023,94.12
40DC8E0A,Watch,4570.89,9,02-04-2023,41138.01
5371D60D,Laptop,72012.89,8,27-08-2023,576103.12
46A6C6D8,Milk,69.39,3,23-07-2023,208.17
72E43B00,Bread,37.23,2,11-01-2023,74.46
77AD1A26,Keyboard,1614.2,1,13-02-2024,1614.2
0E1A0E35,Watch,8358.23,15,19-06-2023,125373.45
FE44B6D9,Headphones,4381.53,11,05-01-2025,48196.83
46684CDB,Milk,60.63,10,15-09-2024,606.3
FCC86FCC,Smartphone,31129.38,6,22-01-2024,186776.28
26C31A12,Smartphone,38025.44,7,01-06-2025,266178.08
5E2FD6C5,T-shirt,1357.69,4,17-03-2023,5430.76
426D23C0,Shoes,4595.74,7,09-01-2023,32170.18
507A8491,Watch,3180.44,14,04-02-2023,44526.16
2B789F91,Bananas,52.66,12,07-03-2023,631.92
9F362361,Apples,152.92,4,11-05-2024,611.68
2A644D8E,Bread,45.73,4,19-03-2024,182.92
DF8595CE,Jeans,2464.95,10,17-06-2024,24649.5
D4C2B07A,Apples,179.8,15,11-11-2024,2697
645607EC,Laptop,61745.51,5,25-01-2025,308727.55
0D29A1BE,Shoes,7285.54,13,27-04-2025,94712.02
7D4F3281,Milk,56.09,7,09-10-2023,392.63
A087F8C3,Laptop,53248.99,8,13-01-2024,425991.92
5D2CA68F,Apples,177.85,7,16-03-2024,1244.95
FB8A353C,Eggs,78.19,2,20-03-2023,156.38
C52C295E,Bananas,55.78,8,03-10-2023,446.24
06FC484B,Monitor,20033.68,10,15-05-2023,200336.8
F3E5ACC6,T-shirt,924.59,5,06-01-2025,4622.95
B0E36ADA,Eggs,61.99,13,19-02-2025,805.87
B1769DB4,Headphones,2665.61,11,04-07-2023,29321.71
0E6EFB2E,Mouse,535.15,9,26-02-2024,4816.35
AFF8FB97,Bananas,41.14,1,29-10-2023,41.14
378E562E,Milk,58.43,11,26-10-2023,642.73
1AA13F91,Apples,157.99,8,13-05-2023,1263.92
1B38FC5C,Laptop,84321.36,11,27-09-2023,927534.96
6138E967,Eggs,60.27,8,18-11-2024,482.16
A4C46160,T-shirt,1010.49,14,16-04-2024,14146.86
9BABCAF6,Monitor,23289.33,5,21-08-2024,116446.65
F1BA57D6,Eggs,78.64,5,15-12-2024,393.2
F630449F,Eggs,87.41,5,06-01-2025,437.05
F666F2F5,T-shirt,730.93,13,29-08-2023,9502.09
B6C8910D,T-shirt,709.53,14,04-12-2024,9933.42
9675B2D0,Bananas,56.1,12,03-07-2025,673.2
047A4C80,Headphones,2473.13,12,27-06-2025,29677.56
FC7DE084,T-shirt,1056.04,9,18-06-2024,9504.36
15793B88,Apples,162.34,15,05-02-2025,2435.1
5CF750CA,Shoes,6609.05,5,22-08-2024,33045.25
4E652607,Smartphone,35570.49,12,06-09-2023,426845.88
3278A4BA,Bananas,58.34,6,29-04-2025,350.04
567A1ADC,Jeans,2931.52,8,25-09-2023,23452.16
41F2B6CB,Headphones,2595.24,9,30-03-2025,23357.16
C00F60EB,Shoes,2733.1,5,31-07-2024,13665.5
490F2692,Shoes,3300.56,8,04-10-2024,26404.48
53FEEB64,Bananas,55.6,2,01-08-2023,111.2
6F0A8AE7,Jeans,1565.7,9,18-10-2023,14091.3
828C81BC,Watch,16395.42,1,08-02-2025,16395.42
50824F95,Smartphone,40837.13,11,17-01-2023,449208.43
27582BC4,Shoes,3199.31,11,22-01-2023,35192.41
38E464F9,Monitor,14853.39,5,20-04-2024,74266.95
D7992A5A,Monitor,12293.26,15,25-08-2023,184398.9
EC70FD79,T-shirt,1340.8,11,24-09-2024,14748.8
C69D651D,Jeans,2915.79,3,29-07-2024,8747.37
755C4239,Monitor,14082.1,10,13-05-2025,140821
06412B95,Milk,66.93,9,15-02-2023,602.37
DA062447,Apples,145.1,4,24-12-2023,580.4
2590AE28,Watch,18168.52,5,27-07-2023,90842.6
8ECF3719,Milk,53.85,8,25-02-2025,430.8
5C1CCCAE,Shoes,5010.6,4,13-12-2024,20042.4
2670A3E0,Bread,44.43,3,28-04-2023,133.29
F11B1406,Headphones,4143.51,12,12-04-2025,49722.12
2EB46BBF,Jeans,3430.31,9,12-08-2023,30872.79
9A53D7DA,Shoes,5061.05,3,03-02-2025,15183.15
05D1ED57,Apples,136.79,4,23-05-2024,547.16
5FA24AFA,Shoes,6136.69,1,24-06-2023,6136.69
CB41A465,Laptop,58794.22,6,15-01-2023,352765.32
E3377E62,Watch,13157.32,12,21-09-2024,157887.84
7DD917CE,T-shirt,1150.84,1,30-10-2023,1150.84
1840BC0E,T-shirt,708.43,6,15-04-2025,4250.58
9137AF33,Apples,136.14,2,22-05-2023,272.28
CE71C84A,Smartphone,31726.03,14,22-02-2025,444164.42
706F9DDE,Watch,9813.04,11,08-12-2023,107943.44
C7C17DFF,Headphones,4217.74,10,23-03-2023,42177.4
E1066F82,Bread,40.67,4,02-09-2024,162.68
A2176966,Milk,54.96,8,29-12-2024,439.68
5661E606,Laptop,54229.7,10,25-08-2024,542297
9B2D19F0,Jeans,1348.62,11,13-10-2023,14834.82
7B07A33F,Jeans,2705.77,7,13-07-2023,18940.39
A25D1123,Eggs,85.35,1,08-06-2023,85.35
9FC0E951,Watch,11587.06,12,11-03-2024,139044.72
9.46E+83,Headphones,1989.96,1,28-12-2024,1989.96
DAB56D32,Shoes,5682.68,8,25-04-2023,45461.44
AA701C97,Jeans,3966.62,9,09-09-2023,35699.58
FD96D96A,Jeans,2935.55,7,09-02-2023,20548.85
E99E4D40,Keyboard,1254.18,12,16-12-2023,15050.16
805FF018,Jeans,2367.57,8,19-06-2024,18940.56
3F23E08C,Milk,62.08,5,22-03-2024,310.4
0FAAAB97,Bananas,43.48,12,29-06-2023,521.76
C90ECFCA,Watch,15195.03,7,05-05-2023,106365.21
B43422B2,Bananas,45.88,14,30-08-2023,642.32
E91528F2,Milk,66.95,10,22-05-2025,669.5
067A11E6,Eggs,87.93,1,04-03-2023,87.93
BCCB52DC,Bananas,51.06,2,01-04-2023,102.12
ED058873,Eggs,76.39,15,26-06-2024,1145.85
38C6C9FA,Mouse,737.87,3,10-01-2024,2213.61
B2E285DE,Bananas,54.69,15,12-02-2025,820.35
D02C62F4,Smartphone,34873.36,7,23-11-2024,244113.52
EBEC00A7,Watch,14704.26,5,07-01-2025,73521.3
994E238E,Shoes,2499.14,3,20-07-2023,7497.42
C1A84F19,Eggs,72.43,9,20-05-2023,651.87
A707B24B,Shoes,7082.93,10,19-04-2023,70829.3
80D9ACDC,Jeans,3161.01,12,23-02-2023,37932.12
C45FCC26,Bananas,53.21,5,15-12-2024,266.05
ED485A69,Laptop,74354.38,8,19-12-2024,594835.04
7422F9DE,Milk,67.29,10,02-02-2024,672.9
0DC5BE04,Laptop,76604.86,1,22-04-2024,76604.86
A48614F7,Eggs,61.07,9,23-02-2025,549.63
A3DFFD28,Watch,8433.12,13,20-01-2023,109630.56
BFB3DD56,T-shirt,1338.99,6,19-01-2025,8033.94
1FE96189,Monitor,9232.33,4,04-12-2024,36929.32
59D90DE5,Jeans,3932.18,13,30-03-2025,51118.34
C5F578F3,Apples,195.91,1,18-04-2023,195.91
43413985,T-shirt,1184.22,15,05-05-2025,17763.3
50C2368C,Mouse,1300.28,2,20-11-2023,2600.56
216FE3C7,Laptop,64882.67,9,29-07-2024,583944.03
B6FEBC31,Laptop,58215.14,12,28-05-2023,698581.68
162A5B04,Smartphone,57849.16,12,15-08-2024,694189.92
4149A37E,Watch,8260.31,1,16-02-2024,8260.31
9EC31302,Shoes,7926.66,1,12-08-2023,7926.66
9FA9010F,Watch,3556.05,12,23-09-2024,42672.6
2438CCD6,Smartphone,27202.76,6,16-05-2025,163216.56
CCF1E6D5,Headphones,1942.18,9,01-06-2023,17479.62
15EA7A13,Keyboard,1395.64,5,20-01-2024,6978.2
38EE239B,Apples,199.57,13,02-08-2024,2594.41
5A46BC0A,Shoes,7176.15,1,23-01-2025,7176.15
73DB0F31,Headphones,3026.61,5,06-09-2023,15133.05
59D007A1,Laptop,79118.44,8,28-11-2023,632947.52
71C70830,Apples,188.14,2,04-04-2025,376.28
B9A1ECB4,Shoes,6259.56,6,25-03-2024,37557.36
EDAB6FA4,Milk,67.01,4,25-08-2023,268.04
CEACF408,Bread,45.96,12,02-05-2024,551.52
DE0F0942,Bread,44,3,15-07-2024,132
B1BF11C7,Watch,16310.41,7,04-07-2025,114172.87
320080C8,Mouse,822.73,12,12-08-2024,9872.76
DF993B06,Shoes,6715.48,9,01-08-2023,60439.32
56CE5F14,Mouse,1469.76,14,16-11-2023,20576.64
6E792B74,Bread,44.11,4,18-10-2024,176.44
F91F1C09,Eggs,66.54,5,19-11-2024,332.7
A9A4138C,Shoes,7688.87,5,01-10-2023,38444.35
A1A7729E,Eggs,69.72,14,10-05-2024,976.08
69A49830,Mouse,955.19,1,11-06-2023,955.19
84638AAC,Shoes,7190.33,7,12-02-2025,50332.31
BE2C5475,Mouse,836.47,15,08-04-2025,12547.05
B508FE0A,Bananas,52.34,15,09-06-2024,785.1
5F40EA34,Bread,36.62,4,08-01-2025,146.48
0BC7BE95,Milk,50.87,6,03-03-2025,305.22
A8FD1B3D,Monitor,23258.03,9,08-06-2023,209322.27
8FBF304E,Jeans,2698.27,1,17-10-2023,2698.27
AFB00528,Watch,9793.48,15,22-12-2024,146902.2
19EA5BFC,Bread,40.3,3,07-12-2024,120.9
DA02DBC2,Shoes,6864.79,15,07-01-2023,102971.85
D9A39836,Bread,34.1,10,09-05-2023,341
EB99C5AD,Eggs,76.22,8,10-04-2023,609.76
892674BC,Shoes,6289.91,13,10-12-2024,81768.83
299B3672,Shoes,2167.98,5,16-06-2025,10839.9
4D067BBB,Watch,4181.31,5,06-11-2024,20906.55
3B8F7C00,Mouse,1745.8,12,05-06-2025,20949.6
A3A18FE9,Watch,7408.14,3,25-07-2024,22224.42
88D94C53,Mouse,1379.29,7,06-09-2023,9655.03
E833FCA3,T-shirt,1042.63,15,11-12-2023,15639.45
FA89261A,Milk,56.88,3,27-10-2023,170.64
B9DED53A,Keyboard,814.45,9,08-04-2024,7330.05
C221B75A,Keyboard,1664.55,13,11-01-2023,21639.15
7B24FDC5,Bananas,43.2,14,06-05-2025,604.8
7D5B41EE,Apples,182.22,13,19-06-2023,2368.86
DED1282F,Eggs,60.42,15,12-01-2025,906.3
E2A9B4EC,Laptop,82032.72,1,17-10-2023,82032.72
1CBDD39F,Monitor,21315.39,10,21-12-2023,213153.9
10669704,Keyboard,1973.52,5,05-12-2024,9867.6
830F4547,Smartphone,30112.58,10,30-04-2025,301125.8
05A78003,Shoes,4937.47,10,18-07-2023,49374.7
C2E1A383,Apples,136,12,11-05-2024,1632
0D3A5851,T-shirt,1386.72,9,22-12-2023,12480.48
EECD52B7,Jeans,3634.77,4,21-06-2025,14539.08
8EE8E29A,Eggs,60.4,11,18-05-2024,664.4
B1ACBE36,Monitor,9004.21,3,10-11-2024,27012.63
605807CC,Jeans,2597.36,12,24-08-2024,31168.32
7FCB392A,Laptop,71104.34,3,28-04-2025,213313.02
137C3898,Apples,159.95,11,24-05-2023,1759.45
C1062625,Watch,18575.61,6,14-04-2024,111453.66
DC1C9077,Monitor,20284.94,1,23-07-2024,20284.94
693ED045,Laptop,66039.45,3,24-03-2023,198118.35
E308D629,Smartphone,57792.11,7,22-05-2024,404544.77
3E4B3411,Apples,141.03,9,09-07-2023,1269.27
B82494FA,Mouse,1688.94,6,03-05-2025,10133.64
6703C3A6,Keyboard,1093.97,5,26-01-2024,5469.85
EC29A455,T-shirt,666.21,1,14-04-2023,666.21
FD6E574B,Milk,60.11,13,11-04-2024,781.43
CCEC010B,Mouse,1458.36,11,11-12-2023,16041.96
B583F20E,Watch,15880.32,3,28-08-2024,47640.96
CAC33605,Eggs,68.13,3,08-08-2023,204.39
8BEDF7EA,Eggs,86.86,3,12-07-2024,260.58
985FA6E5,Jeans,1205.84,5,10-08-2023,6029.2
4D3E3F69,Bread,37,4,04-05-2023,148
4767FB33,Jeans,1995.7,12,19-11-2024,23948.4
18C3663B,Apples,165.82,4,14-04-2024,663.28
E68FB9F0,Smartphone,32866.9,10,04-04-2023,328669
5DCED9D8,Headphones,2715.83,6,12-05-2024,16294.98
77570F8E,Mouse,552.38,12,07-03-2025,6628.56
F9B7F8C4,Monitor,18044.56,12,12-08-2024,216534.72
688489C9,Jeans,2240.81,12,29-05-2025,26889.72
7E104F87,T-shirt,1084.2,15,03-07-2023,16263
1A0400A7,Shoes,7524.46,5,17-07-2024,37622.3
045B9165,Shoes,3607.54,1,30-01-2024,3607.54
F4742286,Shoes,6086.8,7,28-03-2023,42607.6
876E5254,Watch,19503.84,12,24-09-2024,234046.08
C4F49D49,Apples,187.04,8,26-10-2023,1496.32
D47F0723,Eggs,64.42,6,18-07-2023,386.52
3F5B40A3,Eggs,82.15,13,13-05-2025,1067.95
E4AF94AE,Laptop,71083.6,1,28-05-2023,71083.6
FF492132,Jeans,3297.22,11,20-11-2023,36269.42
9128372C,Monitor,19158.17,5,27-01-2025,95790.85
CB31D132,Laptop,57643.5,11,24-11-2023,634078.5
45FA0709,Jeans,2074.89,14,18-02-2023,29048.46
8F384D32,Laptop,81738.05,2,13-06-2023,163476.1
FD058E71,Bread,33.57,10,22-05-2025,335.7
3D32437D,Eggs,75.13,15,31-01-2023,1126.95
B5ECA522,Laptop,73310.01,8,12-04-2025,586480.08
AFAFDDA7,Mouse,1178.9,1,11-11-2024,1178.9
26623EB3,Shoes,2972.94,10,26-11-2024,29729.4
2A7173D6,Jeans,2852.09,4,26-03-2024,11408.36
333FE3AC,Eggs,71.28,2,26-08-2023,142.56
DEA91B5F,Monitor,14199.24,9,27-03-2024,127793.16
0A2765C3,Watch,19815.76,13,08-05-2024,257604.88
53F83BCF,Keyboard,2772.72,13,23-02-2023,36045.36
B5517976,Monitor,17398.97,5,31-10-2024,86994.85
BA606051,Watch,14310.16,5,01-08-2024,71550.8
B3EA6F41,Watch,13697.66,13,30-12-2023,178069.58
9555DC33,Apples,167.6,4,30-12-2023,670.4
4E3ED1BA,Shoes,7375.15,5,30-05-2025,36875.75
5A118640,Keyboard,1972.85,9,21-04-2025,17755.65
1ABA29FE,Watch,14684.8,9,31-10-2023,132163.2
16EC2D91,Bananas,59.38,15,18-12-2023,890.7
8845F2F8,Eggs,64.02,2,25-11-2023,128.04
82F7041B,Mouse,1953.86,3,26-11-2023,5861.58
BC0DB21D,Laptop,60555.86,15,06-07-2024,908337.9
3BF4CF23,T-shirt,1204.9,14,03-07-2025,16868.6
9489E5CF,Monitor,20671.87,2,10-04-2024,41343.74
5DA6DFF6,Headphones,4880.01,5,22-09-2023,24400.05
6DB40929,Smartphone,24761.96,14,29-12-2023,346667.44
CE220ECE,Bananas,51.74,11,03-02-2025,569.14
2AC6F903,Smartphone,54550.69,7,09-01-2023,381854.83
CC4CD9C1,Milk,57.49,15,17-04-2025,862.35
A1F97086,T-shirt,720.55,5,25-08-2023,3602.75
24DE9E15,Milk,56.43,9,29-01-2025,507.87
97783A5A,Mouse,1716.98,8,20-01-2024,13735.84
F3E75098,Smartphone,55677.29,14,28-12-2024,779482.06
76B9E0B0,Jeans,2174.29,14,26-03-2023,30440.06
7DCCA31E,Laptop,81024.71,7,12-02-2024,567172.97
2B0B25EE,Smartphone,51709.79,8,20-09-2023,413678.32
8140A8BB,Monitor,16393.21,5,15-02-2024,81966.05
6FC6FC3D,Bananas,57.05,2,28-04-2024,114.1
3640129F,Keyboard,2651.18,6,02-01-2025,15907.08
D346646B,Mouse,869.57,7,14-05-2024,6086.99
DD8DAC28,Laptop,54620.96,8,14-12-2023,436967.68
6FC8AB5B,Apples,148.2,15,16-11-2023,2223
3C544883,Shoes,3148.22,3,26-11-2024,9444.66
038B7F2C,Monitor,14893.03,9,06-06-2023,134037.27
F33EA7B4,Eggs,64.64,2,05-04-2025,129.28
6FAA5E8C,Bread,39.2,12,20-07-2024,470.4
BA625789,T-shirt,1424.05,10,30-01-2023,14240.5
38AD3CC8,Shoes,5546.58,5,16-10-2024,27732.9
19C1EFA2,Bread,35.37,3,06-06-2023,106.11
989F2B05,Smartphone,22888.46,9,21-06-2024,205996.14
71B35F7F,Apples,122.33,11,10-02-2023,1345.63
9C50F409,Bread,39.6,2,07-04-2023,79.2
C847A5E3,Eggs,61.52,2,14-08-2024,123.04
3F6663F5,Laptop,75004.03,3,21-06-2023,225012.09
02E13B7C,Bananas,52.76,14,27-05-2024,738.64
DA420A63,Apples,122.2,6,08-06-2025,733.2
120DEB10,Bananas,42.97,12,25-02-2024,515.64
B45BB771,T-shirt,731.46,11,22-04-2023,8046.06
A48BCEB0,Eggs,60.45,15,19-05-2024,906.75
52461F4F,Laptop,58678.85,6,30-05-2024,352073.1
DCA24A8D,Shoes,2535.88,15,13-05-2023,38038.2
385D3C0B,Keyboard,2130.09,2,22-07-2024,4260.18
D0E11F70,T-shirt,1384.11,5,24-09-2023,6920.55
F3E51F49,Monitor,21871.24,5,24-05-2025,109356.2
353636BF,T-shirt,1424.65,12,25-11-2023,17095.8
B45C2300,Jeans,3992.9,5,30-06-2023,19964.5
D5CC70CD,Monitor,16790.45,14,18-03-2024,235066.3
8D6A37E1,Apples,199.28,3,02-02-2023,597.84
3FBAF6C9,Jeans,3004.87,14,19-06-2023,42068.18
8B37673D,T-shirt,1297.53,4,01-06-2025,5190.12
AB3D8C0D,Monitor,15005.55,7,10-06-2023,105038.85
C3DD2FF1,Smartphone,26777.36,9,28-03-2024,240996.24
D4EF7C1B,Headphones,4560.3,5,02-06-2024,22801.5
EE1BB8BB,Laptop,77041.43,15,28-05-2024,1155621.45
8386C4E6,Eggs,83.1,2,20-03-2023,166.2
02A62299,Keyboard,1873.94,4,23-05-2025,7495.76
71D6D20A,Bananas,49.16,11,19-03-2023,540.76
3B320C34,Apples,138.4,9,24-08-2023,1245.6
835602DA,Jeans,2041.5,1,22-12-2023,2041.5
C94ABABF,Keyboard,1585.67,7,19-01-2024,11099.69
813DB6B4,Apples,164.27,8,02-04-2023,1314.16
3A96CDA3,T-shirt,1185.24,14,09-08-2023,16593.36
08F0EBC9,Watch,7469.06,14,17-02-2025,104566.84
9B088495,T-shirt,1107.45,9,27-01-2025,9967.05
A3B53F06,Jeans,1431.1,6,19-01-2023,8586.6
121B80BA,Eggs,60.45,8,09-06-2023,483.6
DC1CC88B,Watch,16320.27,14,28-06-2025,228483.78
4018062B,Laptop,69850.9,2,05-04-2023,139701.8
0EE6FEC4,Milk,55.9,15,28-06-2025,838.5
841059EC,Watch,14511.53,12,09-03-2023,174138.36
A51D3276,Watch,15646.69,11,29-01-2023,172113.59
3FB25CA5,T-shirt,694.06,6,23-11-2023,4164.36
52C85A99,Keyboard,1047.89,5,17-01-2023,5239.45
276A45DE,Jeans,1643.13,14,10-12-2024,23003.82
35438F20,Bananas,43.12,10,12-03-2024,431.2
60E0E29C,Watch,3075.08,14,22-01-2025,43051.12
75535E4E,Mouse,779.84,1,08-01-2023,779.84
8139309F,Jeans,2747.06,15,02-03-2025,41205.9
16A71A78,Shoes,7416.73,11,15-10-2023,81584.03
1BBBA785,Shoes,2274.98,11,26-06-2025,25024.78
EB9C47F6,Mouse,1989.48,7,15-01-2023,13926.36
6D23B59F,Eggs,60.61,13,07-12-2024,787.93
717DD30B,T-shirt,846.89,15,02-07-2025,12703.35
42CD40AC,Jeans,2637.28,14,17-03-2025,36921.92
F0E28E40,Mouse,1406.61,11,24-08-2024,15472.71
744BA3FA,Jeans,1730.07,8,12-02-2023,13840.56
5B1A8DC4,Milk,55.74,1,15-07-2024,55.74
A187FED0,Monitor,11657.54,13,26-02-2025,151548.02
05D9AAC9,Watch,3274.94,2,06-06-2023,6549.88
E0363936,Jeans,1663.92,12,01-11-2023,19967.04
E423F515,Keyboard,2606.66,1,15-01-2023,2606.66
B5954CD7,T-shirt,1269.67,7,10-05-2024,8887.69
116DA74A,Eggs,71.08,3,27-12-2024,213.24
198DCC39,Keyboard,1677.9,11,25-02-2024,18456.9
2B5DD36B,Jeans,3791.66,2,08-05-2024,7583.32
D79A7DD0,Laptop,71695.71,4,30-01-2024,286782.84
902842EE,Headphones,4264.7,3,25-01-2025,12794.1
6C789E49,Apples,166.58,10,06-03-2023,1665.8
49C23A7C,Monitor,19659.12,10,30-07-2023,196591.2
607EB53D,Keyboard,2449.86,10,06-11-2023,24498.6
62A75751,Jeans,3406.85,11,15-06-2024,37475.35
B88EA257,Shoes,2082.83,5,10-01-2023,10414.15
69EC4773,Milk,53.82,12,12-06-2025,645.84
8AE8BFCF,Shoes,4594.68,1,12-06-2024,4594.68
80EFCFB2,Headphones,4327.75,4,09-04-2024,17311
43E8BE14,T-shirt,1440.17,3,08-09-2023,4320.51
450C3E06,T-shirt,1338.86,13,01-02-2023,17405.18
A6C8DE4A,Bananas,50.59,15,31-03-2024,758.85
B573AF98,Jeans,3889.2,4,27-04-2025,15556.8
03C69DDD,Bananas,52.53,9,21-04-2024,472.77
9A78A003,Jeans,2517.75,2,05-01-2024,5035.5
91C4F24E,Mouse,840.41,8,26-06-2023,6723.28
E3F2CBB2,Eggs,80.71,2,10-06-2025,161.42
D7B8B45D,Mouse,943.31,2,11-03-2025,1886.62
6B4FE13F,Milk,65.89,9,17-06-2024,593.01
C63FF11F,Laptop,77133.17,8,22-10-2024,617065.36
823B793E,Shoes,2630.06,15,08-10-2023,39450.9
9DEC960E,Monitor,17174.47,4,21-05-2024,68697.88
6950CD3E,Watch,8690.74,10,04-03-2025,86907.4
DF7CFCD4,Bread,44.17,14,18-04-2025,618.38
02E2BE6E,Laptop,67547.42,13,26-05-2025,878116.46
53F7A509,Jeans,3232,6,01-12-2023,19392
3D5835A7,Eggs,68.75,7,24-02-2024,481.25
38711DCF,Mouse,1116.1,2,26-10-2023,2232.2
7DE6F460,T-shirt,965.07,11,02-03-2025,10615.77
0AF54E59,T-shirt,1180.83,2,17-11-2024,2361.66
87D3BFB4,Bananas,57.21,10,14-11-2024,572.1
C745CDA5,Jeans,3041.8,2,15-04-2023,6083.6
62084EBF,Watch,10898.35,1,28-11-2023,10898.35
DA4A507B,Apples,158.63,15,18-04-2025,2379.45
6AD1185D,Watch,8808.78,1,10-05-2024,8808.78
049809FD,Jeans,1222.4,10,27-10-2024,12224
D05458E7,Watch,18035.29,14,24-01-2023,252494.06
1B7B3C0E,Headphones,2575.82,6,01-03-2024,15454.92
7110D7A3,Milk,58.82,11,21-10-2024,647.02
E70A47BF,Milk,69.16,5,18-07-2023,345.8
639C1045,Headphones,2583.59,13,24-04-2025,33586.67
24FF4E4A,Bananas,42.69,9,10-06-2025,384.21
B7D3F5BC,Headphones,1859.7,2,23-01-2023,3719.4
407DA211,T-shirt,1080.84,8,03-04-2025,8646.72
4D35C050,Jeans,2503.49,13,16-02-2024,32545.37
683C1F38,Smartphone,44298.73,3,01-03-2024,132896.19
7B1B4F89,Laptop,80196.3,7,14-04-2024,561374.1
1D9E5D4B,Shoes,4076.38,14,02-01-2025,57069.32
EC00783F,Watch,12219.17,4,06-01-2023,48876.68
78BFA81C,Watch,16444.3,12,25-06-2025,197331.6
02F5180C,Monitor,14319.63,1,25-07-2024,14319.63
E5AA4CD9,T-shirt,553.12,4,24-03-2025,2212.48
51C654AA,Bananas,55.72,3,30-08-2023,167.16
5D016FC4,Jeans,2813.67,9,28-09-2024,25323.03
65BD7D8E,Monitor,20717.37,5,01-11-2023,103586.85
21AE9C8D,Watch,5568.33,14,27-01-2025,77956.62
84452DEB,Shoes,3383.23,7,05-03-2023,23682.61
8013F2C5,Shoes,7859.17,9,07-10-2023,70732.53
4F35F14D,Milk,51.83,13,26-03-2024,673.79
95915A10,Jeans,3903.98,2,23-02-2024,7807.96
F8585B91,Shoes,2600.79,3,02-09-2024,7802.37
756DF16E,Shoes,4351.49,11,17-07-2024,47866.39
2FBA063E,Eggs,73.83,10,20-06-2023,738.3
9ADD2FC8,Jeans,2044.47,13,27-09-2023,26578.11
9C46D8D5,Apples,134.49,5,14-12-2024,672.45
20E858B2,Keyboard,1524.85,8,08-04-2023,12198.8
283768B1,Smartphone,59189.97,2,03-02-2025,118379.94
E593726B,Laptop,75776.13,15,29-06-2025,1136641.95
8407E346,Keyboard,1843.78,6,26-02-2025,11062.68
DD4CA020,Keyboard,2432.36,10,26-06-2023,24323.6
AC74834A,Laptop,52247.36,11,10-03-2024,574720.96
2999CAB3,Smartphone,42447.74,6,10-10-2024,254686.44
16800077,Headphones,3482.11,3,14-03-2024,10446.33
31A22382,Milk,61.17,5,22-02-2025,305.85
68082476,Smartphone,17286.54,15,14-04-2023,259298.1
2142E2BF,Bread,32.72,9,25-04-2023,294.48
5DC6326B,Monitor,22947.45,9,13-02-2024,206527.05
7.31E+26,Keyboard,2799.53,7,18-09-2024,19596.71
F4358EAE,Watch,19296.16,12,09-03-2024,231553.92
DB3D14F7,Mouse,962.54,14,24-07-2023,13475.56
760F9A7B,Jeans,1338.47,11,21-02-2023,14723.17
BE13D770,Eggs,82.12,9,28-05-2024,739.08
819FB21A,Jeans,2207.09,2,15-11-2023,4414.18
4AC5B620,Mouse,626.62,14,06-12-2024,8772.68
17D1A621,Laptop,55630.62,14,27-09-2023,778828.68
55238DD3,Eggs,88.91,1,02-11-2024,88.91
8C6FEE08,Shoes,6577.23,1,13-11-2024,6577.23
91A07D28,Monitor,10990.04,9,01-02-2025,98910.36
ECA8719E,Eggs,71.01,5,03-08-2024,355.05
9B43A75E,Watch,15851.96,5,07-04-2023,79259.8
D6396717,Watch,16070.43,9,17-01-2024,144633.87
19455ED6,Bread,37.81,10,25-06-2025,378.1
02E6001A,Jeans,3333.17,10,08-06-2024,33331.7
5F26612D,Watch,12878.15,8,05-05-2025,103025.2
4A948BE6,Milk,58.65,6,28-03-2023,351.9
891419CB,Jeans,2479.64,3,27-05-2024,7438.92
B7FAD752,Smartphone,17642.98,2,18-04-2023,35285.96
F72A050F,Bananas,59.63,8,18-11-2023,477.04
D1CE2C27,Monitor,23017.01,12,12-05-2024,276204.12
5E3C0D2A,Smartphone,47110.33,3,08-06-2024,141330.99
1DA618C1,Mouse,834.88,5,11-06-2024,4174.4
4EA1E768,Apples,121.66,5,05-05-2024,608.3
911C2DB5,Laptop,68677.5,5,31-03-2024,343387.5
870E495B,Laptop,76878.47,10,19-07-2023,768784.7
0F58D482,T-shirt,1266.29,6,12-10-2023,7597.74
26CC5DD3,Bananas,54.56,12,17-01-2023,654.72
E272330B,Eggs,70.61,5,15-11-2024,353.05
E7C6F25E,Laptop,86538.71,12,18-12-2023,1038464.52
A89FDFE5,Bananas,54.9,9,27-07-2023,494.1
B1CD1286,Bananas,48.05,8,24-05-2024,384.4
479D2276,Shoes,6875.31,4,19-04-2024,27501.24
BA18597A,Bananas,56.78,10,01-05-2025,567.8
E05D7AAA,Milk,53.35,13,22-06-2024,693.55
F3D080B5,Bananas,44.55,9,28-05-2025,400.95
88162872,Watch,9110.96,12,25-06-2023,109331.52
D237BB73,Bread,35.42,12,05-01-2023,425.04
8768923D,Laptop,72407.55,7,17-06-2023,506852.85
F20C88F0,Monitor,19814.16,3,25-09-2023,59442.48
DAA2E761,Eggs,75.47,5,04-02-2025,377.35
904971F8,Milk,55.91,12,18-07-2024,670.92
9.15E+05,Eggs,77.29,8,24-11-2024,618.32
4B74B4AB,Bread,35.45,12,17-05-2024,425.4
C6E43DA7,Milk,64.84,3,25-01-2023,194.52
A74C565F,Monitor,18416.73,15,09-06-2025,276250.95
262DAEF6,Monitor,8886.39,5,24-09-2023,44431.95
FBB56ECD,Bananas,40.88,14,03-05-2024,572.32
12612DAD,Jeans,3530.9,13,04-05-2023,45901.7
E48A5726,T-shirt,868.05,3,09-07-2025,2604.15
D1BBA5F9,T-shirt,1293.87,7,04-11-2023,9057.09
D6FC90C6,Mouse,794.4,3,20-08-2023,2383.2
A721B95B,Monitor,17030.95,14,04-02-2024,238433.3
3E3F87E5,Keyboard,2391.54,3,24-02-2025,7174.62
3A80A406,Mouse,901.23,6,24-07-2024,5407.38
FDC7EA51,Shoes,4966.05,13,12-09-2024,64558.65
C221168D,Monitor,23578.62,14,08-06-2024,330100.68
32AFBF2E,Jeans,3256.81,12,27-05-2025,39081.72
084C08AD,Monitor,10026.44,14,20-09-2024,140370.16
1E18FDF6,T-shirt,1111.01,12,17-04-2024,13332.12
F44E8008,Bananas,50.95,8,28-12-2024,407.6
C9E8EAD4,Watch,13736.32,3,15-01-2025,41208.96
C946DA0D,Apples,128.08,10,17-09-2024,1280.8
7AB07D2B,Bread,41.44,1,17-06-2023,41.44
51BC5F1F,Watch,19391.8,14,26-12-2023,271485.2
F92F5E31,Eggs,81.39,10,11-09-2024,813.9
90CA8437,Laptop,65298,6,09-10-2024,391788
977DCF1D,Monitor,13664.05,11,22-12-2023,150304.55
86FA9B60,Laptop,58338.59,9,16-07-2023,525047.31
73B3CF07,Smartphone,32608.85,5,25-09-2024,163044.25
D611B2C7,Milk,54.13,3,30-07-2024,162.39
2D7BEE5C,Bananas,42.3,12,01-02-2025,507.6
57246395,Watch,15250.79,4,27-08-2023,61003.16
F5ABBE18,T-shirt,1283.3,13,10-07-2024,16682.9
E4D9AACE,Eggs,72.75,4,25-08-2023,291
BCFE8452,Keyboard,1778.29,5,20-04-2024,8891.45
30F6B5F7,Smartphone,20267.26,10,01-01-2023,202672.6
7275D1FD,Mouse,1131.56,3,28-08-2023,3394.68
325B63D2,Mouse,1042.56,9,16-05-2025,9383.04
30E9FBB2,Bananas,43.89,10,31-01-2025,438.9
3B7E94B4,Jeans,3731.42,10,05-09-2024,37314.2
18D32709,Mouse,866.02,7,04-11-2023,6062.14
05DBCCCD,Laptop,83764.7,10,19-05-2025,837647
A8FA2A5D,Laptop,60920.44,10,10-05-2023,609204.4
2E21A6D7,Monitor,11472.02,6,29-04-2025,68832.12
423244FE,Headphones,2901.74,4,15-07-2023,11606.96
00A46DC3,Headphones,4669.42,1,18-03-2024,4669.42
42529D02,Jeans,2188.17,1,15-05-2025,2188.17
883B4AF5,Bread,40.82,5,18-04-2025,204.1
52DD43D3,Laptop,83967.12,13,26-06-2023,1091572.56
AEE4437D,Smartphone,29766.88,5,18-09-2023,148834.4
0104CB2E,Shoes,7456.26,7,19-07-2024,52193.82
079AE109,Eggs,70.98,4,17-04-2025,283.92
3AEF6EAD,Apples,166.94,2,07-01-2024,333.88
EC8B9486,Bananas,40.15,14,10-04-2023,562.1
590D22D6,Watch,5234.48,9,12-02-2025,47110.32
9CC12344,Smartphone,59692.91,8,25-03-2023,477543.28
D733CE78,Bread,39.83,2,12-01-2025,79.66
D11C61F8,Bread,33.99,13,26-04-2023,441.87
606665D3,Keyboard,1880.21,13,03-04-2023,24442.73
D41FCC49,Watch,3097.22,2,17-06-2023,6194.44
5F09E4D5,Smartphone,56978.66,1,23-02-2025,56978.66
A2548D2D,Jeans,1310.84,8,05-04-2023,10486.72
8B68CAD7,Mouse,1608.67,4,28-09-2024,6434.68
D16506EC,Shoes,5662.4,4,14-03-2025,22649.6
A5B2418B,Headphones,2351.59,4,06-02-2023,9406.36
026FAD56,Shoes,3696.28,12,26-08-2024,44355.36
FBE51F0A,Mouse,975.76,6,01-03-2024,5854.56
CA1EB097,T-shirt,664.23,12,15-09-2023,7970.76
43C9D5F2,Shoes,5642.48,3,08-11-2023,16927.44
6A12EE42,Bread,41.31,13,07-01-2025,537.03
B3CE594B,Shoes,3909.76,10,18-11-2024,39097.6
42CFDA4F,Laptop,74579.34,8,14-06-2024,596634.72
0C960617,Milk,68.75,14,14-08-2024,962.5
D6ED7260,Apples,193.3,10,02-02-2024,1933
82071DA2,Milk,62.81,4,09-01-2023,251.24
96EF6537,Jeans,1225.51,6,10-02-2023,7353.06
B7B0C855,Watch,14127.55,1,18-04-2023,14127.55
FB851ED3,Headphones,4414.78,3,06-05-2024,13244.34
D2365BAC,Milk,54.48,15,28-03-2023,817.2
175E0D17,Headphones,4180.07,6,03-10-2024,25080.42
5AF7F06D,Milk,54.91,2,17-04-2023,109.82
711B9BEF,Eggs,89.86,6,03-02-2024,539.16
C9A7CE2E,Monitor,21415.11,2,27-11-2024,42830.22
5C27F531,Apples,126.53,2,03-06-2023,253.06
1C0BCE68,Bread,32.4,11,19-09-2023,356.4
B8149FCE,Watch,7958.22,2,17-06-2024,15916.44
4049CC94,Laptop,57484.36,1,30-04-2023,57484.36
6B7AC6A3,Keyboard,2706.73,8,15-05-2023,21653.84
29BD1D51,Mouse,1390.95,2,05-03-2023,2781.9
98998F47,Laptop,80238.48,7,26-03-2024,561669.36
AE518D7E,Apples,153.6,2,14-07-2024,307.2
56338F33,Jeans,3981.07,10,07-07-2023,39810.7
708729DE,Shoes,3326.19,8,12-10-2023,26609.52
A9C80E8F,Shoes,5779.41,12,29-04-2025,69352.92
0D9AC856,Milk,52.43,3,02-03-2024,157.29
B51D044B,Shoes,7434.67,12,12-02-2023,89216.04
7FC4EB9C,Shoes,6340.02,6,17-03-2025,38040.12
8383A449,Keyboard,2343.9,4,23-02-2023,9375.6
834C01AA,Watch,13756.36,2,17-01-2025,27512.72
4F141943,Bread,31.65,15,16-04-2025,474.75
865DDA51,Eggs,75.79,2,24-01-2024,151.58
27FEC575,Eggs,75.76,6,04-06-2023,454.56
E2BC4E61,Jeans,3308.79,15,08-09-2023,49631.85
0757133C,T-shirt,1272.4,2,06-03-2023,2544.8
89906A79,Mouse,1872.9,9,01-07-2025,16856.1
AAE0A460,Eggs,68.38,1,02-09-2024,68.38
3504DEFB,Watch,16236,2,30-03-2025,32472
2C328E2D,Jeans,1346.12,4,24-10-2023,5384.48
F76D4667,Smartphone,53839.45,3,15-04-2025,161518.35
AA5EE435,Eggs,80.9,12,27-06-2023,970.8
0C95D4D7,Headphones,2978.29,11,02-05-2024,32761.19
47E665ED,Smartphone,26275.43,10,12-12-2023,262754.3
DD4F1EF2,Headphones,1853.58,10,07-03-2024,18535.8
14A9AE04,Keyboard,1111.07,8,30-01-2023,8888.56
46173276,Apples,143.75,5,08-01-2024,718.75
C2C1C32A,Eggs,79.48,7,13-06-2025,556.36
0C5278F6,Shoes,3046.07,15,08-03-2025,45691.05
31B73D59,Jeans,3884.98,15,31-07-2023,58274.7
24AC180F,Bread,38.71,9,04-07-2024,348.39
A6EE50F8,Jeans,3632.64,12,04-02-2023,43591.68
8E30896A,Watch,19049.94,13,05-10-2023,247649.22
DAC4307B,Monitor,11403.52,8,27-08-2024,91228.16
687FC633,Bananas,49.35,7,01-01-2023,345.45
9A1E7214,Laptop,77100.95,6,25-03-2023,462605.7
A32F5D22,Bread,38.58,1,30-06-2025,38.58
8F0340CC,Laptop,76336.45,4,28-11-2023,305345.8
89F1789A,Bananas,43.33,12,04-02-2025,519.96
501DC8D7,Apples,178.46,8,23-06-2025,1427.68
78186386,Shoes,5495.39,1,19-06-2024,5495.39
6A21E619,Eggs,71.59,6,24-07-2023,429.54
1DFB3BB0,Monitor,18640.45,8,29-12-2024,149123.6
8DF3E036,Eggs,86.81,2,08-01-2023,173.62
E4660831,Bananas,47.82,15,04-02-2025,717.3
1D19D74C,Eggs,66.04,11,03-08-2024,726.44
AB34C5C1,Apples,147.05,7,17-03-2024,1029.35
57115DBA,Jeans,1431.01,2,09-01-2024,2862.02
13931F15,Milk,57.51,9,28-04-2023,517.59
DFD43CC1,Bread,37.44,8,08-07-2023,299.52
A391DC15,Bananas,51.41,1,15-05-2024,51.41
322CDAF1,Mouse,654.07,1,26-01-2024,654.07
3BC5E2B4,Monitor,17719.63,13,08-03-2023,230355.19
A189168B,Headphones,2546.72,12,23-10-2023,30560.64
76C45BC3,Laptop,50930.49,5,15-06-2024,254652.45
784E4668,Keyboard,1032.99,10,09-03-2024,10329.9
E281C713,T-shirt,835.11,8,21-07-2023,6680.88
3E28F5A5,Shoes,5379.62,9,01-08-2023,48416.58
E129D646,Shoes,4622.69,11,19-05-2023,50849.59
6041B62D,Apples,114.59,2,18-07-2023,229.18
CBE7ED0C,Laptop,52748.08,4,17-06-2025,210992.32
915126CA,Smartphone,24081.09,2,02-03-2025,48162.18
D2DE8983,Headphones,4949.89,14,12-01-2024,69298.46
F51EBDD4,Headphones,1830.8,8,02-10-2023,14646.4
FAD19B02,Bananas,55.47,7,31-03-2025,388.29
DCD56A6C,Mouse,892.15,8,29-10-2023,7137.2
2189F1AA,Keyboard,932.38,2,29-10-2024,1864.76
93BAB09C,Watch,9810.01,10,10-02-2025,98100.1
122619BA,T-shirt,924.93,7,15-01-2025,6474.51
170E893A,Apples,183.05,3,10-07-2023,549.15
D0FCA154,Shoes,3205.9,6,27-03-2025,19235.4
BB64001C,Milk,57.82,9,13-06-2023,520.38
E1F7A488,Apples,118.48,11,18-03-2023,1303.28
8D16C125,Apples,157.69,15,30-04-2023,2365.35
6D174E71,Eggs,62.48,6,16-05-2023,374.88
7CD8FBB5,Laptop,50522.27,2,06-03-2024,101044.54
6AE992BA,Headphones,2517.03,6,14-07-2023,15102.18
8163CE93,Jeans,3532.6,10,19-10-2024,35326
D9C0139B,Eggs,69.23,14,14-07-2023,969.22
CC65B556,Bread,31.84,3,18-11-2023,95.52
8E082C4F,Shoes,6809.96,10,21-04-2025,68099.6
A9C6EE51,Watch,9686.02,5,12-10-2024,48430.1
D6EBE70B,Bread,49.2,1,02-02-2025,49.2
2766A367,Bread,38.21,14,29-05-2023,534.94
CC5564AE,Milk,66.38,15,28-02-2025,995.7
9D0AEDB1,Keyboard,2527.2,12,28-12-2023,30326.4
BA73A30D,Jeans,3180.49,10,26-01-2025,31804.9
6ACAAE8C,Mouse,897.55,8,28-12-2023,7180.4
E270EBB0,Milk,55.78,9,05-09-2024,502.02
0EA6505E,Keyboard,975.07,4,15-05-2023,3900.28
E0EAB93B,Jeans,3530.03,5,24-04-2025,17650.15
6EE203B2,Keyboard,2345.73,15,21-05-2025,35185.95
1E82469F,Jeans,2111.14,2,29-07-2023,4222.28
FF44FC29,Monitor,15826.27,10,15-06-2023,158262.7
11AD141B,Shoes,5976.66,4,05-03-2023,23906.64
3B9CEAF9,Jeans,1560.72,13,15-09-2024,20289.36
DE7F7A14,Monitor,20148.16,8,18-10-2024,161185.28
A56B0F0B,Laptop,82601.35,3,18-06-2024,247804.05
E65D44CE,Eggs,66.43,11,12-12-2023,730.73
B45881A5,Laptop,51189.55,10,03-05-2025,511895.5
9A06436D,Shoes,6212.41,5,01-09-2024,31062.05
BFB3A608,Apples,111.21,3,10-04-2024,333.63
7B2965FF,Mouse,653.33,11,15-12-2023,7186.63
737F3180,Eggs,88.94,7,03-04-2025,622.58
4F764BD1,Shoes,6621.12,4,18-05-2023,26484.48
165ED933,Watch,6831.03,2,11-01-2025,13662.06
46B98D3B,Apples,117.88,5,08-09-2024,589.4
20E79368,Keyboard,2727.73,3,08-05-2023,8183.19
7FE00255,Jeans,1614.17,9,15-11-2024,14527.53
44F4C079,Shoes,5950.16,8,26-06-2023,47601.28
2FA0B6FE,Milk,54.25,10,22-03-2023,542.5
8DBE81EA,Laptop,67659.01,12,05-05-2024,811908.12
85EF0BE7,Bread,45.87,10,18-10-2023,458.7
65A78849,Watch,5255.85,15,02-04-2023,78837.75
CF54D553,Watch,10113.73,3,24-08-2023,30341.19
2DEAF9F7,Bananas,58.03,5,01-04-2025,290.15
A10E3B81,Shoes,4800.39,7,14-11-2024,33602.73
78CB7DA1,Apples,162.74,12,07-11-2024,1952.88
066BFFB3,Eggs,67.93,7,20-10-2024,475.51
4C3DE62D,Bread,44.89,3,30-04-2025,134.67
B40C1DC9,T-shirt,1483.65,10,11-10-2023,14836.5
40AD18D4,T-shirt,508.08,1,24-09-2023,508.08
09072D90,Shoes,4354.74,8,08-07-2025,34837.92
287F717E,Headphones,3942.49,7,03-10-2024,27597.43
8D94D59B,Smartphone,23878.29,8,17-09-2024,191026.32
8887390E,Eggs,80.29,13,02-01-2023,1043.77
7CE3CCAD,Watch,12847.24,11,30-04-2024,141319.64
94A61A46,Smartphone,31008.43,5,24-08-2023,155042.15
1CE1165D,Keyboard,1289.33,4,11-03-2024,5157.32
10842C9B,T-shirt,772.93,6,01-04-2024,4637.58
F35291CB,Jeans,3066.61,10,08-11-2023,30666.1
DEDB3D64,T-shirt,681.43,10,17-05-2023,6814.3
90E0E9A1,Smartphone,34125.26,12,12-07-2023,409503.12
F3A4A44B,Apples,107.02,10,03-05-2025,1070.2
CE363BAC,Laptop,88799.15,14,01-06-2025,1243188.1
198C0A21,Eggs,82.79,6,06-07-2024,496.74
064D1335,Apples,108.11,11,29-05-2023,1189.21
B505EADC,Shoes,6877.03,3,20-04-2024,20631.09
79DDA671,Monitor,9754.75,2,22-03-2024,19509.5
704DA429,Watch,19395.4,1,18-05-2025,19395.4
0B27EAF0,Apples,135.25,13,20-02-2025,1758.25
2FD61445,Eggs,75.44,8,28-02-2024,603.52
EA99543B,Monitor,13831.93,1,29-02-2024,13831.93
A94001C4,Mouse,1071.06,14,07-02-2024,14994.84
0B1BFC25,Mouse,891.7,4,03-01-2024,3566.8
E907DB9C,Bread,33.45,2,14-04-2023,66.9
18D918E2,Laptop,64064.19,13,27-05-2023,832834.47
B3B5176C,Headphones,4767.63,8,17-12-2024,38141.04
D4CFFB60,Bananas,49.57,5,08-05-2023,247.85
71E36272,Headphones,1590.89,2,29-01-2025,3181.78
E7FADDA7,Watch,7881.02,12,11-08-2023,94572.24
C449AD3A,Smartphone,52195.79,8,15-02-2023,417566.32
